"filename", "language", "Python", "JavaScript", "HTML", "JSON", "PowerShell", "MS SQL", "Markdown", "YAML", "comment", "blank", "total"
"c:\Users\yanni\Desktop\Site Confrérie 7ds\.github\workflows\boss-reminder.yml", "YAML", 0, 0, 0, 0, 0, 0, 0, 21, 10, 4, 35
"c:\Users\yanni\Desktop\Site Confrérie 7ds\.github\workflows\pages.yml", "YAML", 0, 0, 0, 0, 0, 0, 0, 69, 3, 7, 79
"c:\Users\yanni\Desktop\Site Confrérie 7ds\7ds-stats\armes.json", "JSON", 0, 0, 0, 162346, 0, 0, 0, 0, 0, 1, 162347
"c:\Users\yanni\Desktop\Site Confrérie 7ds\7ds-stats\armures-gravees.json", "JSON", 0, 0, 0, 48197, 0, 0, 0, 0, 0, 1, 48198
"c:\Users\yanni\Desktop\Site Confrérie 7ds\7ds-stats\armures.json", "JSON", 0, 0, 0, 81906, 0, 0, 0, 0, 0, 1, 81907
"c:\Users\yanni\Desktop\Site Confrérie 7ds\7ds-stats\enchantements.json", "JSON", 0, 0, 0, 147854, 0, 0, 0, 0, 0, 1, 147855
"c:\Users\yanni\Desktop\Site Confrérie 7ds\7ds-stats\libelles-stats.json", "JSON", 0, 0, 0, 336, 0, 0, 0, 0, 0, 1, 337
"c:\Users\yanni\Desktop\Site Confrérie 7ds\7ds-stats\personnages.json", "JSON", 0, 0, 0, 57358, 0, 0, 0, 0, 0, 1, 57359
"c:\Users\yanni\Desktop\Site Confrérie 7ds\7ds-stats\sets.json", "JSON", 0, 0, 0, 614, 0, 0, 0, 0, 0, 1, 615
"c:\Users\yanni\Desktop\Site Confrérie 7ds\7ds-stats\stat-metadata.json", "JSON", 0, 0, 0, 59, 0, 0, 0, 0, 0, 1, 60
"c:\Users\yanni\Desktop\Site Confrérie 7ds\AGENTS.md", "Markdown", 0, 0, 0, 0, 0, 0, 846, 0, 0, 166, 1012
"c:\Users\yanni\Desktop\Site Confrérie 7ds\armures-liees.js", "JavaScript", 0, 116, 0, 0, 0, 0, 0, 0, 3, 1, 120
"c:\Users\yanni\Desktop\Site Confrérie 7ds\data.js", "JavaScript", 0, 1387, 0, 0, 0, 0, 0, 0, 2, 1, 1390
"c:\Users\yanni\Desktop\Site Confrérie 7ds\docs\superpowers\plans\2026-07-24-armes-compatibles.md", "Markdown", 0, 0, 0, 0, 0, 0, 189, 0, 0, 69, 258
"c:\Users\yanni\Desktop\Site Confrérie 7ds\docs\superpowers\plans\2026-07-24-armures-liees-compatibles.md", "Markdown", 0, 0, 0, 0, 0, 0, 575, 0, 0, 161, 736
"c:\Users\yanni\Desktop\Site Confrérie 7ds\docs\superpowers\plans\2026-07-24-potentiel-commun.md", "Markdown", 0, 0, 0, 0, 0, 0, 252, 0, 0, 84, 336
"c:\Users\yanni\Desktop\Site Confrérie 7ds\docs\superpowers\plans\2026-07-25-boss-trois-runs.md", "Markdown", 0, 0, 0, 0, 0, 0, 921, 0, 0, 205, 1126
"c:\Users\yanni\Desktop\Site Confrérie 7ds\docs\superpowers\plans\2026-07-25-menu-element-dps.md", "Markdown", 0, 0, 0, 0, 0, 0, 399, 0, 0, 85, 484
"c:\Users\yanni\Desktop\Site Confrérie 7ds\docs\superpowers\plans\2026-07-25-roster-persistant.md", "Markdown", 0, 0, 0, 0, 0, 0, 1041, 0, 0, 221, 1262
"c:\Users\yanni\Desktop\Site Confrérie 7ds\docs\superpowers\plans\2026-07-25-scrollbars-invisibles.md", "Markdown", 0, 0, 0, 0, 0, 0, 94, 0, 0, 37, 131
"c:\Users\yanni\Desktop\Site Confrérie 7ds\docs\superpowers\plans\2026-07-26-boss-optimistic-membership.md", "Markdown", 0, 0, 0, 0, 0, 0, 403, 0, 0, 107, 510
"c:\Users\yanni\Desktop\Site Confrérie 7ds\docs\superpowers\plans\2026-07-26-boss-run-reports.md", "Markdown", 0, 0, 0, 0, 0, 0, 922, 0, 0, 265, 1187
"c:\Users\yanni\Desktop\Site Confrérie 7ds\docs\superpowers\plans\2026-07-26-ci-pages-pwa-updates.md", "Markdown", 0, 0, 0, 0, 0, 0, 456, 0, 0, 121, 577
"c:\Users\yanni\Desktop\Site Confrérie 7ds\docs\superpowers\plans\2026-07-26-mobile-accessibilite.md", "Markdown", 0, 0, 0, 0, 0, 0, 559, 0, 0, 152, 711
"c:\Users\yanni\Desktop\Site Confrérie 7ds\docs\superpowers\plans\2026-07-26-mobile-picker-overlap.md", "Markdown", 0, 0, 0, 0, 0, 0, 96, 0, 0, 35, 131
"c:\Users\yanni\Desktop\Site Confrérie 7ds\docs\superpowers\plans\2026-07-26-recensement-dps-gowther.md", "Markdown", 0, 0, 0, 0, 0, 0, 124, 0, 0, 49, 173
"c:\Users\yanni\Desktop\Site Confrérie 7ds\docs\superpowers\plans\2026-07-26-roster-favori-copie.md", "Markdown", 0, 0, 0, 0, 0, 0, 444, 0, 0, 124, 568
"c:\Users\yanni\Desktop\Site Confrérie 7ds\docs\superpowers\plans\2026-07-26-supabase-realtime.md", "Markdown", 0, 0, 0, 0, 0, 0, 457, 0, 0, 108, 565
"c:\Users\yanni\Desktop\Site Confrérie 7ds\docs\superpowers\plans\2026-07-27-mon-suivi-dashboard.md", "Markdown", 0, 0, 0, 0, 0, 0, 1672, 0, 0, 274, 1946
"c:\Users\yanni\Desktop\Site Confrérie 7ds\docs\superpowers\plans\2026-07-28-stats-builds-lot1.md", "Markdown", 0, 0, 0, 0, 0, 0, 1451, 0, 0, 348, 1799
"c:\Users\yanni\Desktop\Site Confrérie 7ds\docs\superpowers\specs\2026-07-24-armes-compatibles-design.md", "Markdown", 0, 0, 0, 0, 0, 0, 53, 0, 0, 22, 75
"c:\Users\yanni\Desktop\Site Confrérie 7ds\docs\superpowers\specs\2026-07-24-armures-liees-compatibles-design.md", "Markdown", 0, 0, 0, 0, 0, 0, 99, 0, 0, 38, 137
"c:\Users\yanni\Desktop\Site Confrérie 7ds\docs\superpowers\specs\2026-07-24-potentiel-commun-design.md", "Markdown", 0, 0, 0, 0, 0, 0, 58, 0, 0, 26, 84
"c:\Users\yanni\Desktop\Site Confrérie 7ds\docs\superpowers\specs\2026-07-24-team-builder-design.md", "Markdown", 0, 0, 0, 0, 0, 0, 58, 0, 0, 18, 76
"c:\Users\yanni\Desktop\Site Confrérie 7ds\docs\superpowers\specs\2026-07-25-boss-groupes-hebdo-design.md", "Markdown", 0, 0, 0, 0, 0, 0, 33, 0, 0, 7, 40
"c:\Users\yanni\Desktop\Site Confrérie 7ds\docs\superpowers\specs\2026-07-25-boss-sessions-pwa-recensement-auto-design.md", "Markdown", 0, 0, 0, 0, 0, 0, 144, 0, 0, 28, 172
"c:\Users\yanni\Desktop\Site Confrérie 7ds\docs\superpowers\specs\2026-07-25-boss-trois-runs-design.md", "Markdown", 0, 0, 0, 0, 0, 0, 105, 0, 0, 38, 143
"c:\Users\yanni\Desktop\Site Confrérie 7ds\docs\superpowers\specs\2026-07-25-menu-element-dps-design.md", "Markdown", 0, 0, 0, 0, 0, 0, 52, 0, 0, 17, 69
"c:\Users\yanni\Desktop\Site Confrérie 7ds\docs\superpowers\specs\2026-07-25-mobile-overflow-analyse-partielle-design.md", "Markdown", 0, 0, 0, 0, 0, 0, 96, 0, 0, 35, 131
"c:\Users\yanni\Desktop\Site Confrérie 7ds\docs\superpowers\specs\2026-07-25-roster-persistant-design.md", "Markdown", 0, 0, 0, 0, 0, 0, 217, 0, 0, 68, 285
"c:\Users\yanni\Desktop\Site Confrérie 7ds\docs\superpowers\specs\2026-07-25-scrollbars-invisibles-design.md", "Markdown", 0, 0, 0, 0, 0, 0, 29, 0, 0, 14, 43
"c:\Users\yanni\Desktop\Site Confrérie 7ds\docs\superpowers\specs\2026-07-25-supabase-etape1-handoff.md", "Markdown", 0, 0, 0, 0, 0, 0, 102, 0, 0, 12, 114
"c:\Users\yanni\Desktop\Site Confrérie 7ds\docs\superpowers\specs\2026-07-26-boss-optimistic-membership-design.md", "Markdown", 0, 0, 0, 0, 0, 0, 105, 0, 0, 41, 146
"c:\Users\yanni\Desktop\Site Confrérie 7ds\docs\superpowers\specs\2026-07-26-boss-run-reports-design.md", "Markdown", 0, 0, 0, 0, 0, 0, 384, 0, 0, 121, 505
"c:\Users\yanni\Desktop\Site Confrérie 7ds\docs\superpowers\specs\2026-07-26-ci-pages-pwa-updates-design.md", "Markdown", 0, 0, 0, 0, 0, 0, 155, 0, 0, 69, 224
"c:\Users\yanni\Desktop\Site Confrérie 7ds\docs\superpowers\specs\2026-07-26-mobile-accessibilite-design.md", "Markdown", 0, 0, 0, 0, 0, 0, 68, 0, 0, 24, 92
"c:\Users\yanni\Desktop\Site Confrérie 7ds\docs\superpowers\specs\2026-07-26-mobile-picker-overlap-design.md", "Markdown", 0, 0, 0, 0, 0, 0, 29, 0, 0, 13, 42
"c:\Users\yanni\Desktop\Site Confrérie 7ds\docs\superpowers\specs\2026-07-26-recensement-dps-gowther-design.md", "Markdown", 0, 0, 0, 0, 0, 0, 42, 0, 0, 15, 57
"c:\Users\yanni\Desktop\Site Confrérie 7ds\docs\superpowers\specs\2026-07-26-roster-favori-copie-design.md", "Markdown", 0, 0, 0, 0, 0, 0, 68, 0, 0, 23, 91
"c:\Users\yanni\Desktop\Site Confrérie 7ds\docs\superpowers\specs\2026-07-26-supabase-realtime-design.md", "Markdown", 0, 0, 0, 0, 0, 0, 68, 0, 0, 26, 94
"c:\Users\yanni\Desktop\Site Confrérie 7ds\docs\superpowers\specs\2026-07-27-mon-suivi-dashboard-design.md", "Markdown", 0, 0, 0, 0, 0, 0, 314, 0, 0, 123, 437
"c:\Users\yanni\Desktop\Site Confrérie 7ds\docs\superpowers\specs\2026-07-28-perle-de-sortilege-passation.md", "Markdown", 0, 0, 0, 0, 0, 0, 99, 0, 0, 30, 129
"c:\Users\yanni\Desktop\Site Confrérie 7ds\docs\superpowers\specs\2026-07-28-stats-builds-lot1-design.md", "Markdown", 0, 0, 0, 0, 0, 0, 648, 0, 0, 176, 824
"c:\Users\yanni\Desktop\Site Confrérie 7ds\docs\superpowers\specs\2026-07-28-stats-builds-passation.md", "Markdown", 0, 0, 0, 0, 0, 0, 255, 0, 0, 75, 330
"c:\Users\yanni\Desktop\Site Confrérie 7ds\generate-armures-liees.py", "Python", 91, 0, 0, 0, 0, 0, 0, 0, 0, 23, 114
"c:\Users\yanni\Desktop\Site Confrérie 7ds\generate-data.ps1", "PowerShell", 0, 0, 0, 0, 102, 0, 0, 0, 20, 15, 137
"c:\Users\yanni\Desktop\Site Confrérie 7ds\generate-meta.py", "Python", 40, 0, 0, 0, 0, 0, 0, 0, 9, 7, 56
"c:\Users\yanni\Desktop\Site Confrérie 7ds\generate-potentiels.py", "Python", 61, 0, 0, 0, 0, 0, 0, 0, 14, 10, 85
"c:\Users\yanni\Desktop\Site Confrérie 7ds\generate-stats-build.py", "Python", 260, 0, 0, 0, 0, 0, 0, 0, 0, 37, 297
"c:\Users\yanni\Desktop\Site Confrérie 7ds\generate-stats.py", "Python", 232, 0, 0, 0, 0, 0, 0, 0, 28, 26, 286
"c:\Users\yanni\Desktop\Site Confrérie 7ds\index.html", "HTML", 0, 0, 8899, 0, 0, 0, 0, 0, 15, 483, 9397
"c:\Users\yanni\Desktop\Site Confrérie 7ds\manifest.webmanifest", "JSON", 0, 0, 0, 17, 0, 0, 0, 0, 0, 1, 18
"c:\Users\yanni\Desktop\Site Confrérie 7ds\package-lock.json", "JSON", 0, 0, 0, 63, 0, 0, 0, 0, 0, 1, 64
"c:\Users\yanni\Desktop\Site Confrérie 7ds\package.json", "JSON", 0, 0, 0, 19, 0, 0, 0, 0, 0, 1, 20
"c:\Users\yanni\Desktop\Site Confrérie 7ds\personnages-meta.js", "JavaScript", 0, 530, 0, 0, 0, 0, 0, 0, 4, 1, 535
"c:\Users\yanni\Desktop\Site Confrérie 7ds\potentiels.js", "JavaScript", 0, 914, 0, 0, 0, 0, 0, 0, 4, 1, 919
"c:\Users\yanni\Desktop\Site Confrérie 7ds\scripts\discord-reminder.js", "JavaScript", 0, 76, 0, 0, 0, 0, 0, 0, 7, 11, 94
"c:\Users\yanni\Desktop\Site Confrérie 7ds\scripts\reminder-core.js", "JavaScript", 0, 54, 0, 0, 0, 0, 0, 0, 6, 7, 67
"c:\Users\yanni\Desktop\Site Confrérie 7ds\stats-build.js", "JavaScript", 0, 1, 0, 0, 0, 0, 0, 0, 0, 1, 2
"c:\Users\yanni\Desktop\Site Confrérie 7ds\supabase-config.js", "JavaScript", 0, 2, 0, 0, 0, 0, 0, 0, 3, 1, 6
"c:\Users\yanni\Desktop\Site Confrérie 7ds\supabase\rollback-boss-reports.sql", "MS SQL", 0, 0, 0, 0, 0, 119, 0, 0, 5, 16, 140
"c:\Users\yanni\Desktop\Site Confrérie 7ds\supabase\schema.sql", "MS SQL", 0, 0, 0, 0, 0, 725, 0, 0, 29, 77, 831
"c:\Users\yanni\Desktop\Site Confrérie 7ds\sw.js", "JavaScript", 0, 99, 0, 0, 0, 0, 0, 0, 27, 14, 140
"c:\Users\yanni\Desktop\Site Confrérie 7ds\tests\accessibilite-mobile.playwright.js", "JavaScript", 0, 1140, 0, 0, 0, 0, 0, 0, 63, 48, 1251
"c:\Users\yanni\Desktop\Site Confrérie 7ds\tests\boss-account-retention.test.js", "JavaScript", 0, 177, 0, 0, 0, 0, 0, 0, 0, 10, 187
"c:\Users\yanni\Desktop\Site Confrérie 7ds\tests\boss-reports-schema.test.js", "JavaScript", 0, 386, 0, 0, 0, 0, 0, 0, 0, 20, 406
"c:\Users\yanni\Desktop\Site Confrérie 7ds\tests\helpers\load-app.js", "JavaScript", 0, 335, 0, 0, 0, 0, 0, 0, 7, 13, 355
"c:\Users\yanni\Desktop\Site Confrérie 7ds\tests\mon-suivi.test.js", "JavaScript", 0, 228, 0, 0, 0, 0, 0, 0, 3, 11, 242
"c:\Users\yanni\Desktop\Site Confrérie 7ds\tests\pages-workflow.test.js", "JavaScript", 0, 71, 0, 0, 0, 0, 0, 0, 3, 6, 80
"c:\Users\yanni\Desktop\Site Confrérie 7ds\tests\potentiel-commun.playwright.js", "JavaScript", 0, 339, 0, 0, 0, 0, 0, 0, 0, 32, 371
"c:\Users\yanni\Desktop\Site Confrérie 7ds\tests\potentiel-commun.test.js", "JavaScript", 0, 500, 0, 0, 0, 0, 0, 0, 33, 50, 583
"c:\Users\yanni\Desktop\Site Confrérie 7ds\tests\pwa-update.playwright.js", "JavaScript", 0, 318, 0, 0, 0, 0, 0, 0, 15, 19, 352
"c:\Users\yanni\Desktop\Site Confrérie 7ds\tests\pwa.test.js", "JavaScript", 0, 79, 0, 0, 0, 0, 0, 0, 4, 8, 91
"c:\Users\yanni\Desktop\Site Confrérie 7ds\tests\reminder.test.js", "JavaScript", 0, 99, 0, 0, 0, 0, 0, 0, 9, 10, 118
"c:\Users\yanni\Desktop\Site Confrérie 7ds\tests\roster-schema.test.js", "JavaScript", 0, 184, 0, 0, 0, 0, 0, 0, 1, 17, 202
"c:\Users\yanni\Desktop\Site Confrérie 7ds\tests\scrollbars-invisibles.playwright.js", "JavaScript", 0, 41, 0, 0, 0, 0, 0, 0, 0, 5, 46
"c:\Users\yanni\Desktop\Site Confrérie 7ds\tests\stats-build-schema.test.js", "JavaScript", 0, 98, 0, 0, 0, 0, 0, 0, 0, 12, 110
"c:\Users\yanni\Desktop\Site Confrérie 7ds\tests\stats-build.test.js", "JavaScript", 0, 653, 0, 0, 0, 0, 0, 0, 29, 43, 725
"c:\Users\yanni\Desktop\Site Confrérie 7ds\tests\supabase-etape1.playwright.js", "JavaScript", 0, 5610, 0, 0, 0, 0, 0, 0, 111, 195, 5916
"c:\Users\yanni\Desktop\Site Confrérie 7ds\tests\test_generate_armures_liees.py", "Python", 54, 0, 0, 0, 0, 0, 0, 0, 0, 10, 64
"c:\Users\yanni\Desktop\Site Confrérie 7ds\tests\test_generate_stats.py", "Python", 83, 0, 0, 0, 0, 0, 0, 0, 1, 25, 109
"c:\Users\yanni\Desktop\Site Confrérie 7ds\tests\test_generate_stats_build.py", "Python", 289, 0, 0, 0, 0, 0, 0, 0, 0, 30, 319
"Total", "-", 1110, 13437, 8899, 498769, 102, 844, 14182, 90, 468, 4988, 542889